variance,ac1,cv,skewness,kurtosis,label
8.706976182088534e-11,0.6085743179193644,3.1635412400597955,6.744460228814596,62.088080586725575,1
1.0078628031526123e-09,0.748795757048394,5.689626719441778,10.672475590900314,134.28443338976848,0
5.902258172468473e-10,0.3401368861039647,7.745081687116952,17.88399245262581,356.3726676588061,1
4.5544612607866055e-10,0.7537961385059596,7.154508053078026,12.3899331605195,172.58048034961985,0
3.0572306578959496e-11,0.6565095102181957,3.0624998722112577,7.473864741118465,77.66392858442484,1
2.9833801242466754e-11,0.6351558896448277,4.220483112191961,10.715190531639044,146.87166665221415,1
3.75256289462803e-11,0.693452557568903,3.520641294096864,7.814661666760083,76.38053745602289,1
1.9242042763490506e-08,0.7803298563137715,7.37275334027983,9.536087876109063,99.13829536923866,1
2.2266142656561144e-11,0.6256425148982296,2.7696229291016614,5.850965495445897,49.35938219454881,1
8.091949240413285e-09,0.41979918387823756,10.148098607057308,17.46081678597008,331.6339725809487,1
7.481005674889765e-11,0.6748286404943398,4.594666423230345,12.136301120847774,184.4255385542684,1
3.328579210350224e-11,0.6499019878088037,3.9137263905345923,9.058668413082263,100.59664803233615,1
1.2330473852444896e-08,0.558242748343552,10.4163661168126,15.379768417376349,253.3889568168087,1
1.289220268820833e-10,0.6200647192328445,5.529052064775534,10.112172773867094,115.69593884274455,1
7.191842030740414e-12,0.7046293457168138,2.7302461935937976,6.714059728048053,57.84661284829024,0
7.767661688790277e-11,0.564016543083605,5.4134540669843245,12.025096832246998,174.45373040392818,0
3.2647050203630956e-11,0.7918000010986548,4.430985258581468,11.107806940781927,140.8181901521481,0
2.027096993537846e-11,0.5210754517785022,3.6538509592415735,10.447401603447599,147.0326860675579,1
5.189268026449623e-11,0.38311094808477036,4.469396101632437,15.02048997722331,276.22911575404316,1
3.84787663433422e-11,0.7693347789719592,4.098946250056703,7.980192555275339,71.20593452127378,0
5.7124470624684764e-11,0.5741427074416582,3.874250061252757,9.813356779333004,119.53262763254862,1
4.417895931226607e-11,0.4095641887627374,5.069328115835042,14.775389908809988,261.18620740695627,1
6.18848503428342e-10,0.6715394382669579,5.5824348037111235,9.599618632152753,107.30760704273497,0
4.2944948698799303e-10,0.3191905711189028,6.388979234691736,15.698347763533862,294.74505668038546,1
1.9026083165248503e-11,0.7816371552219984,3.388798181499949,5.9172460141082945,39.6327320507949,1
2.873332962705278e-10,0.5123585754264118,5.346413593116354,10.145931247755893,121.68429669178542,0
5.454701109078279e-09,0.34441985092328364,11.155309919925188,18.923896259767183,384.6860361806067,1
1.8350038349073398e-10,0.6471545189991753,3.7112256982249017,6.394089477156386,52.84099631629097,1
8.639551535771968e-11,0.758697105910827,5.837956607435835,12.324291641872966,174.60896429427993,0
1.6643738316868662e-12,0.6758268019061111,1.9994519790772347,5.305056942194213,42.645242062457605,0
8.364362359510097e-10,0.35696476840271224,6.129433294980741,14.350887864700757,255.51033274207276,1
2.971329067959954e-10,0.4467710763789688,6.378606489930049,14.532289319814007,253.90594515412513,1
9.469856913010099e-12,0.5800968557960794,2.9139891658678025,8.496890527411274,94.78273549000617,0
4.427304747031268e-06,0.5348479320397976,12.331476825002586,16.58195927822711,300.20696519151545,1
8.375723501556589e-10,0.4014589396891552,8.759652224413196,17.705461080500264,346.91946049298247,1
5.158873316576664e-10,0.49486031721370977,5.809618142665066,14.188909927652475,246.7553946867826,1
5.583320608537024e-12,0.5996453445509465,2.1401669340792244,5.624942830328006,46.77710143237785,1
6.130433216995817e-11,0.663884906241682,4.098831956471157,9.278797800927457,105.7331928799471,0
1.9072093916734918e-10,0.6755294948339242,5.133412867895283,8.803673374953489,86.35374036936773,1
4.980548708656557e-10,0.6156764573748733,7.083999660451733,15.02842479381605,257.8042178202925,0
5.729567579342492e-12,0.5159731285936073,3.1782271199807433,13.416598418950974,220.10221772987015,0
4.725214039818803e-12,0.6355205630375251,2.5623375547146736,5.493791886785386,38.158892418897,0
1.7172923095930473e-11,0.5500027898724525,3.5276093560292936,9.582131990826033,123.2986986901339,1
3.8646041998639e-10,0.6597030755888862,5.223160213844259,9.259901474256035,99.3404578646863,0
1.3077049008758312e-08,0.37936193509991667,10.57623531253101,17.766821379878422,348.2434576380011,1
1.4983422564132128e-11,0.8734658191815644,3.537847735012123,6.749194513942023,51.98280791228278,0
1.4797606652099895e-11,0.5851395971407897,3.320231778674518,6.522875906263754,52.1841695329144,1
2.7008934130520043e-10,0.7787296874367529,4.953696931788061,8.28140696391441,83.6553110198073,0
6.540253906405811e-12,0.6741671811044279,2.8303045387217405,5.727096660655043,39.51116043245511,1
4.874931792795233e-10,0.7091607624904052,5.178676113904642,10.122256257016305,127.08477491609845,1
5.4587698877467755e-06,0.6065589942439584,7.297719629968053,12.061520895937642,182.82066969038635,1
9.766320471872112e-10,0.5044549299747368,10.056420563943583,16.496506754483562,292.06622659812604,0
2.0108664373160243e-09,0.3982137313257879,6.558568176504336,11.640225798532638,160.57606537650318,1
1.5042712152616803e-11,0.4826352373161069,2.9280331529167927,6.848192355429164,65.92205080412884,0
1.393703862055181e-12,0.5369569729920687,2.071582588556143,6.112170026143516,53.35824718840117,0
8.296780261915807e-12,0.7923575949285409,3.3101091026183527,7.648313441420689,68.54960955203735,0
2.605140988144945e-10,0.6724024280258617,6.926073828805186,12.835625412574915,180.83333397621493,0
5.0029379664475234e-08,0.515324420257238,9.573095253141384,14.369345776539465,240.39886352506304,1
1.4186577525074816e-08,0.5506115598349516,8.264185076912243,12.158834895728361,171.89171034971534,1
1.982399422043606e-10,0.6021134976992121,5.836549608144492,11.569877998832487,157.3383136214351,0
2.878740269019407e-12,0.6112284234992426,2.6430629755188635,8.058484699713775,86.6848028824558,0
1.2439028228442047e-11,0.559913966510335,3.2250887750451196,7.610225478639809,75.99812100462003,1
4.735696664511459e-12,0.7214533209480518,2.5952110304139495,7.466185753465697,71.80289823364929,0
2.000502908426106e-10,0.6564158822170556,5.213995241105836,9.49838914914483,109.36778895428286,1
1.9529384140508665e-10,0.8430499966142825,5.021521773037054,8.230436112418786,79.99958666901242,0
2.8045673767860095e-09,0.6110966166309848,8.515831686008362,14.12553764357955,222.10872848549704,0
5.391754199605942e-10,0.7045269020810588,5.656656589558562,9.334315757712437,101.40797001547804,0
2.6858294773794035e-11,0.847791841052629,3.9442922058118435,7.08502263899329,57.954492664413245,0
1.1606689438682721e-11,0.7684337790776398,2.4823173957038795,4.798038908901321,30.285505885489037,0
1.3269100954327e-10,0.8070670547701144,6.43004461406046,11.45126374678539,143.71737650503536,0
2.4155799426013517e-09,0.45054970708143227,7.034705352963098,13.227868552347777,191.40368270984436,1
0.03296788354967999,0.9790754704619473,2.5920822378612325,2.5953049858158646,8.516327989067436,1
6.697201643215967e-11,0.6094499805548214,4.315756571305886,8.804546266159711,91.86824260334409,1
5.65677510935807e-12,0.5317189667333342,2.6830778610980763,6.927921957087592,64.3568852136664,1
1.1512635323993722e-10,0.5885696273330455,4.974148856232204,12.752719872507438,208.0232302348086,0
2.385601487206098e-11,0.3447116934567685,4.343086272373573,15.132789308863899,279.5854375573318,1
7.78206556976032e-12,0.33170844694545815,3.354890543204434,13.669160674186472,237.75691373911144,1
9.668135275157916e-11,0.553645736330156,5.023028463222325,12.142768086867255,185.87982125922028,1
4.345776171323352e-11,0.5037729291386749,3.5993744821202203,8.642342270129765,95.82632832884705,1
2.5852324343695425e-07,0.6882805818271407,9.880189516183313,13.285213583453995,189.12342141647088,0
1.4430032333354325e-09,0.31037173305763094,7.082513281566622,16.279499162360466,308.76887774352844,1
4.839316578066701e-10,0.7265483722157301,6.24145690655452,11.144240328684226,139.8048081899501,1
6.672471975603065e-12,0.7090157488346567,2.692878547268983,6.177637273255188,51.2695030731423,0
1.0788180944935692e-11,0.5230514944655694,2.4209305266789474,5.707344612029534,45.69660018431696,0
3.4773830181891604e-12,0.6782188170475727,2.3599908538373877,4.926091537936744,31.76046733755603,0
4.128631121452309e-11,0.5152011707993839,3.27596941076239,6.235111990339671,50.020304907751054,1
2.6573953328084583e-12,0.8322372678321187,2.4381316935943738,7.1789815697186645,67.1884804192047,0
1.21512332343665e-09,0.7290695764754047,6.309364973092955,9.420376390165643,104.65446769272609,1
4.713248998718069e-12,0.5960695668815297,2.977301383286712,8.242164145606893,82.21319916573269,0
1.6900321041463717e-10,0.6568019541607463,4.663358421821711,8.569712478819259,86.65771462640389,1
5.845663040379424e-12,0.7637535026625316,2.9108206170546302,7.782357495978226,76.89836879202859,1
3.3942396842524587e-10,0.7663883909073005,7.307951420209877,10.659589105772518,120.86178474765532,0
1.5457685226974646e-11,0.5817184887538117,3.4343363787311874,8.767064553252958,94.83458518654035,1
2.4995346868865456e-12,0.7126197858903418,2.2153510224356774,6.933903017338076,67.63289933051057,0
3.0685586430320973e-09,0.7700312869250395,8.230225364122118,11.753096575459768,146.4484081410345,1
6.6791782771629695e-12,0.6591132044052672,2.5314211646148372,6.30998160292545,58.30763072746707,0
7.43304617144066e-09,0.5661313754637823,7.0489363328458365,11.776490861438253,162.7303329912324,1
1.887204708268598e-10,0.5590984494270846,5.386418201704961,10.485238976981693,131.12205877794682,0
4.2731635272187895e-11,0.4406101694887498,4.2694206852931025,11.803923739943205,177.49530059642163,0
1.757204722843357e-10,0.341868431575783,4.8454603932951095,15.695851744068015,297.4047485281658,1
6.891316071465509e-09,0.8475054502381113,7.915411739944278,10.976708629587828,130.15311764393982,1
8.599150551837392e-10,0.5236721170284648,8.725340721764306,15.391076007937269,266.52327780901476,1
6.040156092510079e-10,0.5472765543983986,7.714583579179614,14.118374901369608,230.12582975041883,0
8.082394160824567e-13,0.5523244112011095,1.7334609983037061,5.428032495723674,47.90940927877881,0
2.5106853402538176e-10,0.6571713216546087,4.752626988037726,7.599807289316984,67.94133672490715,1
1.2710208313161413e-10,0.64496783385272,3.6555218763551873,5.855346261496605,41.275110741483175,1
2.0724374292739564e-08,0.6349409313312984,10.606935467239719,15.471117950760142,257.052946350707,1
2.9738240515444126e-10,0.527978288344206,7.221327866486736,13.9227813555022,227.1281915628376,0
2.7243210378112683e-12,0.6049028931624619,2.316966539483711,6.142651153390823,53.57959941642779,1
2.450521474520958e-10,0.6056302261941501,7.0440761117595425,13.78543389009897,216.116430991916,0
3.971680137411669e-10,0.7607961817331833,5.998685042667293,8.94864359035734,86.913782574709,1
5.978424066353993e-11,0.5243341084120567,3.477016280422923,9.326131671618603,123.83317278606897,1
6.385546431890553e-11,0.6165519279915633,2.891785442423846,6.186232590372748,59.59237825612453,1
1.1031484963532401e-10,0.6513805011189047,3.5009945476444253,6.882265469548571,61.03009615309991,1
8.379473360043954e-12,0.510268756569248,3.1186097150676813,11.55613558658998,182.72774579650448,1
6.782252999558548e-09,0.41902749049589355,9.965045626661304,17.24890239863206,329.42445028902716,1
1.2445630994112546e-11,0.6198426375088947,2.990648435441386,7.372165309925934,66.59077148797152,0
1.1011291387633293e-07,0.768254299396419,10.313101121632952,12.99738893514843,183.7657672815317,1
2.2231293523191706e-11,0.352647657801712,4.2245010259753375,12.944836379123487,214.36669629072824,1
2.188186945208246e-11,0.581165479721784,2.8615927360384164,5.877429404978807,47.2621083528944,1
2.7415607951898497e-09,0.643125529701224,6.812736743544234,10.499065173442292,131.51344781426872,1
2.875183829326434e-12,0.5943083272960361,2.317606497505916,8.902894692154213,120.02078720610355,0
6.257277563288775e-10,0.7086678682008268,6.922935507605203,11.412261068872255,146.757097299606,0
1.2375488301288499e-10,0.7417667211744683,4.993800002064599,10.182984876400415,121.22127618024462,0
4.968452224416691e-11,0.5767698759286876,4.991458344797518,11.077038859521547,141.4154601714113,1
1.4167326220400743e-09,0.666885764470338,6.904754281146961,10.554256820058427,124.54910922898952,0
6.462678346665905e-12,0.7364153991723942,2.6559728865459395,5.919555276973074,45.71850120068156,0
3.7126168223209224e-11,0.6958611005324573,4.084899569780458,9.372652694661575,105.02997175452519,0
5.807882345967862e-12,0.6341313730123391,2.4124502807165977,5.2634489342636295,35.835403887953355,0
1.1775006800706981e-09,0.7714022003685924,4.71839482834703,8.86184232881982,97.43812203716779,0
2.3597852657831204e-11,0.6486180410871974,3.606160377759156,9.189775463742224,108.36416151064148,0
6.9211195710058135e-12,0.6295740941461745,2.302274364118359,5.316462638278092,39.35684365567924,0
2.0772426981333373e-09,0.5511382433564437,6.3922491281342335,11.010454861205522,150.4844778278444,1
5.4225678015064105e-12,0.5737985600197762,2.250545906688111,5.279424076804666,40.27888245131592,0
4.126922541532464e-10,0.5911046365270017,5.176367656365496,8.558551289245772,83.1978350556062,1
6.186962332574473e-12,0.5041416654814534,2.628106954342998,6.241521797954941,52.80145887326036,1
2.726407613585267e-10,0.8241864807421527,5.829141080605192,8.543121914552023,79.88342994830457,0
6.3027340342967896e-12,0.6967985086801112,2.745844936280479,6.8475804041025015,59.26884187256627,0
4.705234092916172e-10,0.716431127402674,4.714658727659777,6.995605506551395,56.96468254642467,0
2.6766086200994508e-11,0.6050906061100959,3.7394110925063275,7.921813790791257,78.14656516976201,0
4.453549999501916e-12,0.6587644132834459,2.39131164088044,6.404596739464416,53.33084753681213,0
1.0415354760183799e-10,0.833372431091191,4.198359951095901,7.78439744971365,72.17989834118556,0
1.4775235287855052e-11,0.6388318284545628,2.452500588989016,5.60210704434408,44.622997715730854,1
7.89511399400068e-12,0.6142661973540473,2.741468674513702,7.068657343634457,69.18284834489471,0
1.2866644952829916e-10,0.7880267309227854,4.71547304449318,7.438340581353273,63.28420356670024,0
4.24685384201282e-09,0.7343307038113006,7.363285835198423,9.817204241514078,106.9221567968597,1
7.282494574936931e-11,0.7739467440814847,4.358957789437754,9.498440191156108,104.80910373108888,0
9.426105282268523e-10,0.48104531841431203,7.837527052611494,15.768655162433053,282.1806312927035,0
2.7351424724457483e-09,0.45313406060047107,8.376118963229667,15.403046407238856,275.0571088723152,1
1.3778488796122882e-10,0.8439687830695356,4.780055419019617,9.621531026271592,110.13130977890106,0
2.5633112565118287e-10,0.7488399938071663,5.832836596057887,10.465878443217811,121.91430747238195,1
4.8948627286497674e-11,0.6523464466425462,3.4499230122540663,7.335971781141866,66.972934719075,0
7.408122529316278e-12,0.5575393038541164,3.139837465780369,8.209698783333996,81.47072835523238,0
2.935617473943584e-09,0.6242103735493323,6.115568797726561,10.135436113553533,121.82285317876024,1
3.3854739218477334e-12,0.695318913280273,2.3701762678482767,7.461737780641363,74.95864464161424,0
3.3151606593094987e-12,0.6284985794699556,2.1022843873626647,5.053834917651908,36.15783668500345,0
9.829206916263486e-09,0.6099855755804638,8.660905553638655,11.989414820211227,157.60088749654918,1
1.1034205776729006e-11,0.4455624558006089,3.567792267997785,11.479213609615787,173.96005705987588,1
1.7125842264075896e-11,0.7318588253212197,3.5490271770695125,8.317812048216053,87.24590051063413,0
2.718416084159525e-11,0.5483212460575684,4.672225238757426,12.047101117755437,169.185607966443,1
1.5411197122411752e-11,0.5240560054920237,3.5103775859897373,10.267335973520694,135.0431041386262,0
1.149035245787976e-08,0.44929243266878416,7.569846988385597,13.671831858580317,216.14564644442416,1
1.2854629522625286e-11,0.5334812930465006,2.8697696779788124,5.55728244928754,37.401591060996715,0
7.071807311971284e-12,0.3923404114246035,3.148587816603265,10.082974954056445,142.95373129625227,1
9.96679054433186e-13,0.6499645190844958,1.5988648303524402,4.854115687393522,38.57930128742109,0
4.512873615363423e-11,0.6978180628572342,3.4965991950539106,7.858982660584809,80.72418813632119,1
8.984590770634796e-12,0.45430074920067753,3.0112497490861903,11.098517972081092,168.60398217872947,0
2.613279836657934e-11,0.5898097261157474,3.159806339349718,7.390817039105634,71.55091329832793,0
1.6983060036312603e-12,0.49770427554509783,2.0182865674198114,5.007140808997494,33.65811858254406,0
6.799988937505326e-11,0.44415489360572286,5.034544225218331,13.587597638876208,225.02770778973218,1
1.747960585675272e-11,0.478521351145492,4.524681754519747,11.954241613104646,173.98967735119527,1
1.7562373012641425e-11,0.6312129320933506,3.4131009486442396,8.789710544321766,98.23987937152978,0
1.591653225673325e-12,0.6453361366367586,1.8962663875263266,4.396953951983019,27.308210320161834,0
1.1481724047009586e-10,0.789203912217779,4.59788518842501,7.023831782623846,57.779392247679944,0
2.7312215184090873e-12,0.6386427988112713,2.0692015868771128,6.043151714840512,58.12084713358737,0
1.4852294467660277e-11,0.7092089804393604,3.5809799716781727,9.445346270056376,109.86603614256454,0
8.374881486212236e-10,0.5492364285099381,8.715538710813048,15.506852357486572,264.0114723069133,0
1.4466609279132977e-08,0.7635971787433603,5.966419204954792,8.28706128230358,78.13858623795247,0
3.8539393512985875e-11,0.6575783769718856,3.6199294084063838,7.0609728578043685,59.92169996161933,1
7.232516444865253e-12,0.3744358411942129,3.0561549617642774,7.854551879396184,79.55779563720027,0
2.5676698230973438e-11,0.6232332668346177,5.0616372676665655,13.020316621840331,194.53902057346534,0
1.599332488521543e-12,0.6797737477687903,1.8711431540990193,5.591715994548638,48.08978149720378,0
6.39758928199124e-11,0.724617409761405,3.7287999280182884,7.641619740625403,73.26043688209039,0
3.7713248604728053e-10,0.14949647371453234,6.3518117253708395,18.416157022750184,379.8454820672151,1
1.1642063232941699e-11,0.5206565354704399,2.9890450910632347,9.555111651282008,129.24601533253912,0
4.798445622902356e-12,0.5658303680018246,3.0195469450566823,9.905598493073274,123.27893464699937,0
9.59162787063942e-12,0.7103265494408915,2.454341505595042,4.592134714727402,26.735141935004084,0
6.139496097313933e-09,0.6414007782190265,9.704271489459805,16.14414613501618,294.3166331598436,1
9.397398913846156e-12,0.4335014156869583,3.7648778707602695,9.884280862294043,119.35738232808994,1
1.53212334148439e-11,0.6666055277492319,2.701781471982634,5.287661736687584,35.674940432710954,1
1.3675373632564886e-11,0.49292720516414834,2.8096249112938847,6.892525228515559,62.10703587989126,1
1.976169184269155e-10,0.7873380345603233,5.521920889834577,8.853836977554838,88.36835857004378,0
6.18120690089342e-10,0.56406340354749,6.654619274210425,10.794033436368615,132.6250247532508,1
7.907757451561318e-10,0.6809141145093097,5.576633298040153,8.623697277989713,84.4781865154733,0
1.077611308823025e-12,0.6391831878062368,1.8679297815205425,5.218055549953498,39.295659591443716,0
5.481059835666916e-10,0.6768319903203384,7.279036735557796,13.089321411447337,193.6859084345291,1
8.477672158596938e-12,0.5074780232447433,2.844185584284054,6.4840226635578295,52.375407714785176,1
2.1330370967999485e-10,0.5802063569994277,4.594438665380717,10.466646115927693,138.86977465255202,1
3.696537982471117e-12,0.5691712146116445,2.2330017834499984,5.36921902382672,39.14874041891264,0
1.0226481923505834e-11,0.4504812626467759,2.8633707167630953,7.374836621586787,71.7049966792975,1
1.365547070880809e-09,0.7752837817804473,5.976726630617594,8.931438985343592,92.99003780038042,0
3.640569693933769e-09,0.6297431320443201,6.910831696831814,12.228190381182431,174.5455544120383,1
9.846531510021698e-12,0.8448685028236554,3.3418619747511653,7.671225224720554,68.32354111994593,0
5.538470998415334e-10,0.83089301686293,5.548524306621365,7.684364604457306,65.2412386341389,0
1.2794751340450295e-12,0.7393048034178573,1.7620876125986773,5.332546842950885,40.87703433822219,0
5.559153256845456e-11,0.5769621193721887,4.893339047124309,10.92240540049012,135.53997340186382,0
1.8684225051624957e-12,0.6605285785896898,2.0880139025879108,5.043916115166881,33.865420923980324,0
2.6551216757860175e-11,0.44580179375062823,3.5499572776700146,10.652353158446331,150.60002182085944,1
1.7700509061781858e-12,0.5862549373611499,2.0641046851591294,6.413460531688809,55.27621789828738,0
9.341316142601904e-13,0.3877963481486915,1.7093958524147446,5.116435540625173,42.217319389264446,0
8.639523245834547e-10,0.8334643917572123,4.8940817691866,7.129859176219471,58.56041923318114,0
1.5638012628816236e-07,0.43705790511581405,10.956987021676275,18.510742324532917,377.0204866478132,1
2.4105629616140512e-11,0.5398155688327495,3.400149045603118,8.037835307947699,83.82992422825977,0
1.4217072876625648e-10,0.5881270731056769,5.640494773471047,14.38613724738312,246.5948391749399,1
6.588718806659367e-12,0.7062870773357228,2.4539159611928136,6.574804943810448,62.68657715597763,0
5.248886243720946e-08,0.6167218092081173,9.621968562498111,12.089661313212552,157.01479451818847,1
4.571326841957613e-10,0.5410617217847066,5.198505277867496,11.573675316661765,166.8950596155184,1
4.3322089577049366e-11,0.7109663237345698,3.716684303336552,7.2371159909765375,63.71337186095134,0
6.701498426185385e-10,0.6215099264044922,7.207939625810326,13.546085503864541,216.90063509159796,1
1.9775770466054307e-11,0.6559772264560958,4.102908690155261,8.222593028996716,77.94774875565415,0
5.832388500769998e-11,0.6006607489913294,5.631784785841904,11.620288885778523,163.99667813364545,0
3.848582313661942e-12,0.6769078771508319,2.7931142421823125,9.30184045128572,112.47235448559898,0
1.1878467965952707e-10,0.38181026287483905,7.349365448034562,17.660093334125776,344.3350524898677,1
7.629146609932905e-11,0.6554416841776438,4.624951908400283,10.965851781367459,155.22157951101744,0
2.822141721501135e-11,0.5354370136971458,3.5302999710464076,9.190415182869199,111.73845688686104,0
6.478624048425146e-12,0.7121296033512965,3.043066687983243,8.355544776198792,88.21131675237886,0
4.372726181064626e-11,0.6193277849740826,3.388101908733757,7.5023220603531495,76.53455707684549,1
3.216238070676957e-09,0.7338041959695857,6.983101209298634,11.69031020764621,155.03297443533984,1
2.0190527251917834e-11,0.5627985927804389,3.107051327318386,6.914049513776869,59.30585865895415,1
5.159434328901013e-12,0.529069555815125,3.0679469034204705,10.236884770794271,135.72803841381958,1
9.840275964612044e-13,0.5992468757880438,1.7086682939620286,4.946095901967741,38.456955517751354,0
1.534986626921168e-10,0.7918086247834735,4.012045930789469,7.519057103162358,68.93450150946508,0
3.380032311464222e-10,0.8100818487107329,6.029222121322673,9.296740954496281,94.61543649797571,0
2.0851109027068014e-11,0.5058794665321626,3.5412478725039565,11.518828010900524,171.47395385906125,0
2.552153947178223e-08,0.8171128748790243,8.91387932933596,12.07338490605024,158.65135022180525,0
1.5008252732596973e-10,0.5118252882687095,5.462038428061192,11.745243163474816,173.05044255140842,1
3.642120966088036e-11,0.6956125989452617,3.843708449065295,7.947045776342204,80.71318471604594,1
4.072681972998472e-08,0.6980025011476818,8.001111897495601,13.041124169583478,190.45590389362212,1
1.0951746038594137e-11,0.5647157327594112,2.7068629201426027,5.212434381348952,34.6604560169927,1
1.7322892500371754e-08,0.6256734302633127,10.337546096250094,14.27875279534013,216.60438630181784,1
1.6899743132946796e-11,0.760679213705513,3.0729251779850966,7.839182200263512,81.0429972315924,0
1.0713346464990601e-12,0.6760300223497402,1.6586625753294648,4.180670981259566,25.27263313796634,0
1.7327192268102072e-11,0.4961295988415714,3.6490709735558102,11.81720563152584,183.48140313169665,0
1.45802628732285e-10,0.7479548088762564,4.228532976758501,8.767900187753284,100.52037706484096,0
1.4348877045903113e-09,0.29760662175881897,8.86461541676692,18.5522300513601,377.94351271397284,1
1.8529574937231104e-10,0.36371294112623254,6.018863054159666,16.895644289782496,326.219833594514,1
8.354615211399974e-12,0.683920527069365,2.6457640069905737,7.339000463455916,79.26921645678011,0
6.0812737275501366e-12,0.6154371699397094,2.2101028604131066,5.432888426052379,40.293213137341326,0
3.88217537316796e-12,0.49609556870765287,2.1522331148860974,4.104848623169243,24.288445412848805,1
9.337669485368122e-08,0.7953915568840476,8.548872791620095,11.777341665918273,150.52199430369748,1
1.3810853174754087e-10,0.5638694254655027,5.682350277974298,13.256157925291255,208.5030473100565,0
1.661320409024338e-11,0.704299447142048,2.966427401118252,7.252501107870698,70.86220489446094,0
2.6793214008309113e-12,0.4938414182414937,2.1898287472980056,7.7296735345907095,94.2664455441381,0
9.26240772730148e-08,0.48996337960155273,9.974470320714714,17.03669884532794,328.9133756202703,0
6.480457302188685e-12,0.4137199118942566,2.615215047723541,6.990543849010626,67.99945126931141,0
4.452922176045927e-08,0.7519662965952,9.759977654929711,12.140758135250655,154.00758012913212,1
2.182593824501775e-11,0.6286192563939108,2.850666444488976,7.0150994476236415,70.7114270827671,1
1.0452238044425873e-09,0.8647667495663341,6.220307979381557,9.236908250910327,96.2384573539621,0
1.0041027499562585e-11,0.5145899607194158,2.968754394897204,7.331738130989352,77.45810742637251,1
1.6350375456141282e-10,0.48519777910414713,4.489984628445861,9.972380303534008,127.05718603391715,1
1.1116525684269997e-06,0.5075723894674765,11.273407743181881,15.664370494704801,276.36601817857076,1
3.1520314879097645e-08,0.8117365842601552,7.716006536988987,9.594876190747508,103.55862952453735,0
1.4738483448403757e-09,0.6610464572339801,7.905125300549492,13.068696596419425,188.30832360044445,1
8.500266734307624e-08,0.6369703294745537,8.37668465096087,11.913359924701636,169.5028643311243,0
4.2308311195747525e-10,0.507284161356919,7.26624974853443,13.023207315202196,206.2752484363066,1
1.8923312024514603e-10,0.5396047063472725,5.333307075847653,11.706730738082944,169.96547799832325,1
2.055107020127471e-09,0.6172339888824545,8.804226293827744,14.019880569982005,211.1322991024068,1
1.297817955596022e-12,0.7525847967594123,1.8342838896751712,4.7693359612759725,32.816652386165075,0
1.1780623165593172e-10,0.6437379884704565,3.941802002199375,7.189220315673268,62.13885920639494,1
1.1677572982052483e-11,0.6878185708528096,3.020760807022349,8.013843262011335,86.04754266774609,0
1.3561023403931813e-11,0.5748570625075022,2.824917220600938,6.638946627588051,58.782740669068296,0
3.054847351683306e-12,0.6078587037544355,1.7365488186527742,4.249077310855713,27.935764919115485,0
1.7496418210066254e-10,0.5679549590381164,5.2039848556494634,10.28961927231896,124.48432382760689,1
1.1608603003780534e-11,0.699380314393325,3.3765871377674084,9.114562219375609,104.44558305390244,0
5.342083714689506e-11,0.8192781426522313,4.660045570151162,10.695988789863186,134.55950370913342,0
5.625479673257574e-09,0.5029261782184592,10.699073896128173,16.469183716116277,291.22463355130975,1
4.7897599396241365e-09,0.634050782977902,6.458936612243656,11.807622559565987,168.3600558523519,1
2.1703326720116426e-08,0.9738811316685577,11.015236620436719,15.957559811662405,279.4882772167868,1
1.754220066991248e-11,0.7588846147207775,3.189128133952401,7.87975794928908,80.36630023340808,0
8.438116158301162e-11,0.6366053531477421,3.84973278773973,7.478587909120812,68.95351190673478,1
4.198182680272644e-11,0.4986022298127529,4.621766650576781,9.365646576165185,102.12597955182828,0
4.952871035437016e-10,0.5561472442739817,7.142229526552471,11.54796768819921,144.84856271925793,1
8.412902499597521e-10,0.6698087146085204,5.911336531672757,11.315365429629583,164.44199753655334,0
2.7914457460935355e-12,0.6022850871653966,2.302478422533174,5.710092493002772,44.17347695487951,0
7.279043761935324e-13,0.657993099533357,1.4469165802570367,3.191891449115965,15.455713473977129,0
5.747596611680929e-09,0.58863575496679,6.690932937669303,10.403057939450406,123.61648398163362,1
3.076119853824055e-09,0.3802541564764045,8.680788372935904,17.510986174746904,340.9716972067236,1
9.187665526828701e-12,0.7461885846869403,3.4932922221520544,9.172900431626104,102.85726113121741,0
8.754075795372606e-12,0.3896066434348018,3.212493759140071,13.967281268085932,253.09379353707297,1
1.4233374495898687e-11,0.7257049925198235,3.6809782629460983,10.78545603726235,149.6610673562126,0
3.459977538304113e-12,0.5278823695036449,2.4378757883547073,6.250929663341257,52.10275278504826,0
2.235278398253014e-11,0.5689509722674025,3.796452754483736,11.424929601829396,173.9478497556545,0
8.281184405689604e-10,0.7207745206803161,4.66867104202346,7.164746242165484,63.56099099761502,0
5.6043822418712865e-11,0.602075805268744,4.023477117501174,9.580774456397535,112.3914554973959,1
1.4401390449624954e-10,0.769940471589745,3.9569629158149944,6.564564626042719,52.38778907130047,0
3.661146107839196e-10,0.5141589423356684,8.923145377527995,16.00978955681614,282.16880409633814,1
4.053220509030455e-11,0.3856767320342029,3.753242369507948,12.833566638566555,219.10399576243415,1
4.666931409749315e-11,0.4800201608153952,5.084163379695103,13.898508254111274,231.42404327338141,0
7.402433065706248e-11,0.649658129160911,3.52416371950637,6.813841406547591,61.066658804061525,1
1.2681830753873723e-11,0.6460484504231582,2.928429753591954,6.9785551649458375,61.22028461656963,0
8.78521358850985e-09,0.40963376599014356,11.285360234698173,17.715708255321513,342.8053464814739,1
2.8741655134234333e-10,0.7053734803238468,6.561059679347562,12.347126875719667,175.98766291780993,1
4.120899142909143e-09,0.7213120227580865,6.3928703340260045,8.130913331697373,75.03735090012127,1
6.696263066558266e-09,0.3256109798731031,8.493541202784382,17.928385731035817,359.24166430245987,1
5.526691399982156e-11,0.6199344919086939,4.020288977020362,7.9486753226490885,79.6856884159451,1
3.499754995925096e-11,0.5544373879838991,4.538532836779055,14.04212833046272,241.4671174688234,0
1.7994961600470407e-10,0.5921095357166293,5.038720334044994,10.166419551841544,124.74177358885719,1
1.0585707946707229e-10,0.35866889525852264,5.699442302723726,15.585028787850735,290.76449554335596,1
6.589204887000421e-10,0.7274903481734427,6.441588601579253,12.90049618812472,194.89351102957664,0
7.373217279852141e-12,0.6137637513301816,2.4235872747168377,5.160011699675757,36.81721687295819,0
1.4038792074213076e-11,0.3524383764094435,3.6881106937962294,13.933664385275476,250.003185091317,1
9.942125438537182e-13,0.575388306480013,1.884860007577251,4.525874633978247,28.664718122569695,0
6.065722954063981e-10,0.3766167966639677,7.599134276403072,17.72857136396969,347.62300749586694,1
2.2902138096706773e-07,0.3325413347246904,13.987390140117931,19.175788694690226,393.31226520872815,1
6.430378596613374e-07,0.7633298884335914,8.882901228821128,11.523391393356372,150.96652838924047,1
1.9205013532110526e-11,0.7074099242175281,2.81738008913781,6.679159081425573,58.87849265265248,0
2.184271892034078e-12,0.6924769384003596,2.182687701966468,6.962199061775201,69.27156491919551,0
2.29681693545553e-09,0.6932389690974173,7.368766604683624,11.773072150885314,154.47948207825215,1
3.409627858015796e-11,0.6450666658157397,3.6269853567465566,8.595085697101359,94.08568043323272,0
2.7712629407576193e-09,0.6636885674940955,7.067203460157492,11.661247696824473,150.0066807941771,1
7.043429443805798e-11,0.6661153981170533,4.945021350273003,11.681489995654422,155.77105883111258,1
6.185355555676179e-10,0.8737281328230815,4.816117698448836,7.465814376988983,64.63371989317001,1
1.4693713407689084e-11,0.7056935181764016,3.0064693201989874,7.1375139841522115,65.84238195825637,1
2.057674670835075e-12,0.5820439163427983,2.6211652900813958,8.619849657316088,95.3394605258239,0
7.753446735409307e-06,0.8175430571945488,8.285888640885322,9.57527390989951,98.35890150957997,1
2.2421218601519085e-12,0.504852868895888,2.330626331367406,5.8738252472875665,45.191046224745726,0
1.342926971097076e-10,0.49940753652273984,6.523351783741652,15.422673352055941,270.64501417189643,1
1.1362239457292221e-11,0.7442810173907254,2.813984146373905,6.984239702287515,66.09632564085499,0
1.3291094088847843e-11,0.7180242452032338,2.8026785238176175,5.698603563107901,42.48476372655823,0
8.423709193687921e-12,0.5683093625802618,3.0929109889298325,8.545228111094024,93.54938009517282,0
2.698119713064572e-07,0.7040672855440803,10.846422431689746,13.397451430164397,190.7621852003794,1
7.2596200717237046e-12,0.7369444110839103,2.65678645833429,7.322290534942057,67.59162512321849,0
4.891094206914749e-10,0.45420108627888317,7.799672190368782,14.066276660899682,231.6072841917825,1
1.897692191868525e-10,0.7528329556095964,6.172293788320756,11.897982700308795,161.0758735583483,1
2.563445312752068e-12,0.5303997749928713,1.8875039624698746,3.855529432749357,21.137207291136274,1
1.282895459900622e-11,0.6744817128730084,2.6713484621394326,5.226962744643753,35.61062527013011,0
5.4004105680997434e-11,0.5112984776335114,4.494268628382424,10.016865393379495,130.05028245261,1
1.1078895334369974e-11,0.5928627989361784,2.5351477971919536,4.898031474187049,30.594921769886827,1
3.355456807094628e-11,0.32697202382474405,4.967789327405306,14.333010076621173,244.5963275645973,1
1.6469145058869658e-10,0.43186302598241116,5.850254677021134,14.914605420323525,261.37758683271437,1
1.5787277987334436e-08,0.7867268050639268,6.083777704240092,8.29291813400413,80.38475757760621,1
6.218953853737599e-10,0.6693308957189712,8.933868108209959,13.482346547052433,192.36476317028482,0
7.630652015406093e-11,0.5388687391470244,4.547139317072602,10.408663278756096,133.4818923401466,0
1.0983974838845656e-06,0.38441861511459613,15.32366150696797,18.575530654925547,366.6139603608782,1
1.1778964510841865e-10,0.4454759295538402,5.656195934577937,15.150425045986877,268.2362908325482,1
1.4478012101742194e-12,0.3527094597299489,2.1016673118512403,5.522975512842227,42.15167382427749,1
1.0397472825636101e-10,0.7149016512309188,6.138270843886132,12.504332124049611,171.97330799172636,0
1.0556482967404432e-12,0.4796990060684632,1.6054624237049095,5.186849296590871,47.74999910087409,0
3.138146527835375e-11,0.5767903357935444,3.5585572966384422,7.9633675115122395,79.23810880482345,1
1.592339004569731e-11,0.6586555757962791,2.987878071069412,7.057293071646895,63.88748730891957,1
7.624171776367066e-09,0.5733880720133042,8.860488354533862,12.758921207712019,183.44497617782358,1
1.8138830886684595e-10,0.8085197944224145,4.90367619740682,8.798055121598914,88.70158865958386,0
3.358233090515259e-11,0.8003082085917287,3.6520053951362232,8.271919378297941,86.13108014088112,0
7.751901650525877e-12,0.6849214884248398,2.869712638229544,7.357581983688884,69.37483957428647,0
7.920347296669855e-12,0.3968964365217355,2.8645965403961156,11.66385653171157,186.14922208508509,0
3.188163854013306e-11,0.4774846613450613,3.3472166575101876,9.63900245008364,132.73978768804764,1
3.607171760389468e-11,0.7439677981778713,3.7275650432744993,9.104260226696509,103.03138776837933,0
1.680570181115699e-11,0.7284812278821666,2.8661198741927794,6.044257224424059,46.32445900366256,0
7.415260662337553e-10,0.6788833260341387,8.042006495193903,15.026015085198694,256.9904473747205,1
5.553334216901814e-11,0.7334669361577092,3.485558950706772,6.703321768757637,55.930642147645756,0
1.8128459932446727e-11,0.5144945214128417,2.9496182186557784,7.756079941521714,78.56875416946717,1
3.568937011404429e-10,0.38481987833686665,7.22787214203939,16.785944466788585,321.3597366668379,1
3.545743952307973e-10,0.5855381935179278,6.000455065609481,10.558787266246204,131.4488808142497,1
7.511462869638382e-12,0.6877792965763858,2.329051353944069,7.2493138153470955,80.46180835440676,0
0.0006309194951502479,0.9733733978721675,8.846601383690741,10.463955359253783,115.83120258303993,1
1.1850048443154736e-09,0.45293632255753236,9.413547198586697,15.448213337178625,266.16204535346935,1
6.5358017322247666e-12,0.7355100497859856,2.4805337203721987,5.386081082033587,37.160602461012594,0
0.00016081167450177606,0.9297826721703322,7.520480967005788,8.986762966377153,87.67772611699401,1
7.857626114236482e-08,0.7829977689560352,5.267692165835747,8.673024861814342,89.40110539738647,0
1.8442586794342593e-12,0.6776535785974644,1.849015133981734,4.844817480792913,34.223503627312915,0
1.2124558728962146e-10,0.6826822135569691,4.836597131414659,9.362870795520555,109.58585316523893,0
4.660575774223125e-12,0.6003228814528011,1.9852718756979744,3.729819301641033,19.508301301347213,1
3.147829888736778e-10,0.7612735129952873,4.881667325955027,8.287596025329604,79.24852184458932,1
6.482815986862084e-12,0.6783751654607563,2.604686175096925,6.030778282297563,46.056158081797726,0
4.614410218334428e-11,0.6003356417105876,4.260262661866614,9.977182104175423,120.13064456825403,1
7.795284758508321e-11,0.7942734092421906,4.618852301947833,9.897077578426602,113.12393706908198,1
7.268460032831227e-10,0.6876183522373672,6.861416509446581,11.89739758475492,157.34359090117718,1
4.25286388466047e-10,0.5768675891385191,5.545875160050206,10.888890946738305,139.651533397851,1
1.0415239970839592e-10,0.4371580979169186,4.553724618357888,14.262316115281,252.38358488272974,1
2.3095514188651304e-10,0.7383271229725357,5.763868615951421,11.416697205551667,152.74177765984695,1
2.432316266007195e-12,0.4643131818593669,1.9502305361289225,4.837853794948625,33.073128814704305,0
3.565661940456505e-10,0.4492824234316547,6.7579775110170806,14.924123545183285,263.34417844955306,1
5.19324108828135e-12,0.6352131773948636,2.4995021517363782,7.701833228627452,84.35861884378484,0
1.7212901552848932e-10,0.3308296169661035,5.125291523786704,14.640063853945286,263.4406954460435,1
2.5508241748274768e-09,0.7528702596570377,7.1599646965074255,11.465069937553855,148.98642164510542,0
9.216660503812738e-12,0.6428369068278897,2.885340703543418,6.807082875587876,62.680561246357435,1
4.8901939413366465e-11,0.5940621135014014,4.464583661362963,9.819902360057432,118.87492071006565,1
3.8658608611164703e-10,0.6903207236099853,5.819385787400849,12.020621748663224,171.0006834677452,0
1.884523249125942e-11,0.5453978206342818,3.024844802041544,7.510403509238626,78.43456277453126,1
1.4952285682118612e-11,0.6510944406463746,2.760440261273237,6.179537121063836,52.94809572796183,0
4.623059691773664e-12,0.49426772948891906,2.443497327147151,5.761418848491194,46.64850801543868,1
8.864027696860789e-11,0.43112406895436217,4.815063315791337,10.920017201760652,151.70323596069133,1
2.2575749524438692e-11,0.4895847649225209,4.3497222967076015,14.137991352619396,240.44517387735806,0
4.035792669961678e-11,0.6611408916323401,4.415546792589208,9.833357234460788,113.75513892547976,0
1.748729753432982e-09,0.779765183728073,6.286778105326064,11.973968849297403,165.06045450261135,0
1.5692027621459672e-07,0.7123039179968302,8.558215819162326,10.671479815567055,123.8898605049775,1
9.089100308803253e-10,0.6217640306000282,6.840053255650769,12.383625985517392,177.5574521593696,1
5.5845659258643856e-11,0.7141509318781231,4.007349023033411,7.840734564337913,73.48422773093438,1
3.4589006063264854e-12,0.5081005437133203,2.340632697539348,7.652134758112884,88.72736456187641,0
2.6737527807706587e-11,0.6591130654213814,2.786701915986537,5.871026546629813,45.78815658771575,0
3.4022458364647573e-07,0.5871390011300349,8.946128543281509,12.869926796185291,196.35289790813917,0
1.4650594334971933e-11,0.6815360511574436,2.9063061545575586,5.27410277084474,34.41343652921642,0
2.67365176472378e-12,0.52976140360184,2.0626194808325002,4.990046544341287,34.34601356277768,0
2.1025390077009706e-11,0.6676013539874365,3.5334621643486597,8.675374346942556,97.3042548618622,0
5.810638109726699e-09,0.605857473636393,7.358396958511085,11.825057906495207,163.97989192951903,1
1.0351344477912225e-11,0.5577753866730618,2.6037592353201746,6.132479282948246,50.49146702471145,0
9.720299252927116e-12,0.3794115978502604,3.3762042202851426,10.339060356427577,147.7422124099905,1
1.9153998512291044e-12,0.6247840013111156,2.0065641231636078,4.566979203693328,28.925784414598407,0
1.24577527651915e-11,0.5578066628168059,2.8759472014105656,6.769643852642287,60.21086489460374,1
1.9581807078844864e-10,0.5274394176001249,5.083741526605865,12.983358302510482,206.00252096977803,1
4.241942234625649e-10,0.5648063635998989,5.371059350175106,8.806353865180963,94.71679301203736,1
5.52361953465883e-09,0.7967118369920166,6.075042416128587,9.926326598803703,121.38043109581092,1
5.266083488925222e-10,0.4680856872753215,6.109915807111996,11.963742707907706,172.10929728488415,1
2.9688565442192854e-12,0.5870377829807827,1.9681503174068145,4.558201327489221,30.203187640964067,0
3.6522070710914425e-12,0.49905270366232496,2.2250334822217006,8.005065554293216,92.80487978589605,0
5.842597768303821e-11,0.8049157447814504,4.984462454366553,10.412001876975898,125.70599427866094,0
5.528363694364624e-11,0.6552128683490385,3.8686769872690916,8.451518006696567,92.510128231321,1
2.019578477337682e-09,0.48313639978840006,9.82015675376137,16.658296417918816,303.1096409324778,1
1.291351328601269e-09,0.49753069462833804,4.607759936764916,9.701587904580437,121.89719766732041,1
5.223129896005344e-13,0.5678765817246455,1.564888045712411,3.734985168122296,20.482869758008917,0
1.6763684889217216e-09,0.6545476982754951,6.101999560540075,9.226533637949093,93.36780795580773,1
5.4645864888783186e-11,0.7534483496167088,4.288343004936058,8.717637825429293,87.17825579589469,1
1.8632849600492744e-12,0.8207806936355876,2.428420751164764,7.143309632458363,63.014411296516435,0
1.0802290780011509e-09,0.7006343329436721,6.196825758684016,10.433488477189444,125.26300265327987,0
1.0790931350104942e-10,0.6827250862285135,4.474303186887788,8.889888857327488,98.4111289159266,1
2.9685723209887264e-10,0.39052010479603383,6.423863554937257,15.01670780503146,270.78013915499554,1
9.714178597987825e-11,0.4611423048735669,3.632584754856091,6.829676732155819,57.189353115746805,1
2.6140767275107822e-08,0.7729832254813074,7.212691022026115,11.379457270391558,143.70384744434634,1
1.9006132056832136e-11,0.6535070424605164,3.519404596793879,8.006484773161318,80.74760866457069,0
3.876202382807691e-12,0.37484849929701447,2.74972805345461,11.525316854262101,183.24663167602648,0
1.3821593654844214e-09,0.6253715137521497,8.141260239700179,13.07754384282586,189.38437495213017,1
1.2927636446342869e-12,0.5533666022253306,1.7703614294486456,5.365738267990722,46.109461189930336,0
3.6185242167285457e-07,0.4550366752344131,10.909260011247365,14.311816569728808,231.4444309007053,1
2.055226532756031e-11,0.43872050252729966,4.22385026083044,11.147611241119229,143.77025807187678,1
2.2408299168938307e-10,0.7297079937864336,4.713020622006678,9.485950423492778,112.86244891075293,1
4.61654147034791e-11,0.7286775402855274,4.1841190560036265,9.930490576115009,115.98903073905345,0
3.2374196408858336e-12,0.5787137992186165,2.3030258793467864,6.0422759565913395,50.721340570298025,0
4.917058474886206e-09,0.6346609029179654,7.052709901523027,11.228104888114492,141.22273968571332,1
7.279946190787143e-10,0.6488624773808723,6.233888547652613,10.955865201715058,141.5360855439176,1
1.5272482005969114e-11,0.6525376795297552,2.8787426985185203,6.303089568246476,50.98903170837381,1
1.0097227071378119e-11,0.6847701980433606,3.0629373940867963,11.373420128837372,171.69799561685352,0
9.346948434755198e-12,0.5641758216392082,2.8759018093607915,7.708642794710716,77.49461453588482,0
1.3343365711965565e-11,0.5699331268441578,2.753790144470644,6.250344811006924,51.77949016851432,1
9.284598817504584e-12,0.48816851978999687,3.2127399456220567,12.418989517066745,196.15791319601612,0
2.2369413355437955e-10,0.7379607424041794,3.865706329406579,7.333528178495379,66.72893535322113,1
6.5626789391001416e-12,0.7887478842296692,2.842142837459258,6.805246472495972,63.17333243043466,0
4.818091257454922e-05,0.6693272630876793,11.949540258548106,15.482024805882135,268.452395348243,1
8.468278781356361e-09,0.3436063942625663,10.524551704836263,18.386372372600455,370.27642136592345,1
3.7189971606664853e-09,0.7168925290065992,8.27729252770588,11.212985495208093,137.45136350718562,0
1.7939841360253423e-11,0.6168950833272019,3.4306539141014003,8.009612263904971,83.26894549723374,0
1.023724541419126e-10,0.6805307931510671,5.507610913372375,12.585815626539292,177.56463744791117,1
5.955647518225155e-12,0.6928284021845912,2.7503323080255164,7.824070072512854,82.74101307724665,0
6.415467652038187e-07,0.3366174020669812,14.95126791165193,19.261195944134172,394.435636285672,1
4.5770597638221175e-10,0.5971402308449577,6.683373430588792,12.061776327006697,179.11049149026908,1
4.494362737711666e-10,0.7457672646427106,6.367275750394271,10.885551207007872,132.09914676504687,0
2.5009600717875577e-10,0.5389872294451449,5.83244560717474,13.93218902429474,227.5446807131694,0
1.0435648754131247e-11,0.6861747326779959,3.1041846504193407,8.79191195434372,103.52983634579044,0
1.5216280635481842e-08,0.23268469922332394,9.140132451413239,18.855571402250213,389.5196267261269,1
5.6661393461434366e-11,0.4816038239166379,4.187790626099608,13.079771391146798,218.78171998913268,0
2.178072445150218e-09,0.4742344155858419,7.377698586810209,11.936505955344483,171.35485914201163,1
4.462719464514315e-12,0.6190483928273905,2.719232142991949,5.581414611313975,38.68142231383203,0
2.7770717293323853e-09,0.47527913237568126,6.945904702022863,13.641604204234033,228.20956545776718,0
5.011997344928711e-11,0.8023415135230361,3.7583661774255517,8.024887077100141,83.5003973957286,0
8.723274327955398e-10,0.46623177430555496,9.20560631359566,16.699493162687045,308.8385610801306,0
6.714606790877675e-11,0.4925412449393895,4.710409135698503,12.672967793149455,207.39254555193412,1
3.1373153752703634e-09,0.7261932329617933,7.951384992420297,12.732024672875008,184.0715230339613,1
3.4861498659323007e-10,0.4780062381092855,8.028206434501744,15.817973863346019,283.7215630348892,0
4.903785011780722e-11,0.5934941103304656,3.9671105852806696,9.085723088411548,103.56468133187413,0
1.3255133464960402e-10,0.4963646999267837,3.890680890686198,7.159418784986981,64.53153682008191,1
6.319740252833326e-09,0.6132451582075791,8.771849090227391,12.551771663560043,170.623951091137,1
3.084873780036162e-11,0.7491874128715568,3.663151523686614,7.9132732651840785,75.78253226877405,1
2.2939295905579357e-11,0.631340760443855,2.892623551109323,7.168020485532681,67.37535680824843,0
1.7301383733813354e-10,0.62142968699062,5.01547667208564,9.397486072307037,101.20294184571625,1
1.409750736141094e-10,0.5116968821706437,5.78514277576915,12.757462466311136,188.96749826031575,1
5.5306682756761496e-12,0.8252961896904218,2.9703697064220416,7.276117201256326,64.3948577555917,0
1.2372222925042971e-11,0.6193594797474832,2.7767864507771693,6.943617889756739,67.11605967528524,1
3.370959423130725e-11,0.7410438451857082,3.9628798451655256,9.267249607912886,102.789639521515,0
8.368737370469645e-12,0.6863507115376153,2.946127768458036,7.2016155868290435,72.7458338967416,1
1.779166065227184e-12,0.670772145947131,2.0635654929290603,6.0468567792216765,48.62980677307373,0
4.132744101703488e-11,0.7133232998902376,3.008867035909922,5.462494917665727,38.21298395292901,1
1.3583180892689393e-11,0.49109391938958263,3.4236721511706687,9.252604212832619,111.97075468140997,1
1.0201914961966725e-10,0.8410034522371169,4.431992045856882,8.108213429867359,76.2437533753856,0
2.0696425286310344e-10,0.6278445899271732,7.03573480805915,14.265522878142686,227.9578684857844,1
8.156589635276619e-09,0.5137512592643217,10.021718396567199,16.013427996888698,282.52028272700693,1
5.807787928779222e-11,0.7005177397470893,5.362435514019815,10.491237550161904,125.20209053923084,0
6.58615476753896e-07,0.5873208586200563,8.41205997602205,11.809243681712568,162.44941893693036,1
1.405670960851318e-10,0.7163825286151063,4.542713567876126,8.882104005497977,93.04556641028655,1
1.1895108320159722e-12,0.7154990072979748,1.6151518651672847,4.118593794017429,24.488618293296955,0
5.3052050536087086e-08,0.6485600309165118,8.27060939913834,11.348005648489822,148.6735774895058,1
2.1267647535145237e-11,0.4957108033912822,4.2589987760805315,12.631737096028672,198.757131845583,0
1.4064487003686085e-10,0.8848666919696297,6.933279187487799,18.6340302211165,379.83523952319115,0
1.7851531760085771e-10,0.4617425130795118,6.517746029458952,16.234980358810315,295.8982920639538,1
1.9455140919918236e-12,0.5822921284439584,2.280157658428444,7.787414877895476,84.4175818887826,0
2.791309512000442e-10,0.7328300686546851,5.503336463234981,11.205001192302637,146.54260252360115,1
4.034308380282136e-09,0.8123497030883707,6.597862116933766,10.229482367845286,118.36432458155174,1
8.817936187142875e-13,0.6724843622411624,1.4709319603534825,3.6599306959597393,20.331004963423535,0
1.0359811711495745e-10,0.35572596475352114,4.551517998826767,12.341458688690055,194.57416665958104,1
1.4774286911956505e-11,0.6405916008923634,3.9850868137471758,10.528145723824627,133.51035754736557,0
6.3188795027031365e-12,0.8189357018237644,2.7836013503704984,7.249115430584025,67.28875606085583,0
8.215909938444997e-09,0.5828796109525117,9.849254135968023,16.507577243650683,307.4430233365181,1
7.693072034244551e-12,0.5604176031785391,2.539133218977893,7.1464585596253976,68.82972135627679,0
4.772960622865846e-08,0.597743941496188,8.376625809830166,14.710759305266178,253.27706351656755,1
9.251594834732425e-12,0.6404863055696354,3.3474342254136236,11.844406451216734,181.59347997413192,0
2.225941190707321e-11,0.5933709897755929,3.351790525627784,11.019459776297513,155.1583169129887,0
1.422795415382531e-10,0.4978534419373376,4.008880892740465,8.498823448379564,88.95694165036687,1
1.555399813993142e-09,0.719980484182342,8.04635116523099,12.821152866081663,184.84948485186803,1
9.285047057954536e-13,0.6253941797294739,1.6974298623301654,4.069017337625797,24.271598596748706,0
2.5394732631848225e-11,0.5641896537649647,4.8711747506774286,10.937446930575886,137.30909259636746,0
1.7506376210914865e-10,0.6523928668417086,4.2103068288937475,7.133682829518593,60.795423587364134,1
9.827081114858986e-09,0.7829243475134797,6.599137631700341,10.070468496914488,116.25638814788206,0
5.353449221218364e-11,0.6730674282773781,4.748556359942455,13.438528040523583,209.15440678157154,0
1.6552611895383548e-12,0.7616043708742258,2.0352739192967544,7.151005292637895,74.60822302057778,0
3.404870166875612e-11,0.4727383756500561,5.011481423206232,14.233087280934974,240.53443157543907,0
2.4195197292081687e-12,0.5602091541530572,2.2019576069289566,8.187710594695371,100.88242876212709,0
1.9381761031839514e-12,0.6291800428080643,1.6261811720288577,3.8813813965321424,23.60917541787931,0
4.3707693754100733e-11,0.6619854389485238,3.4587349054014704,6.43936845064315,50.405912928471324,0
2.534574047521231e-12,0.45512480071518047,2.4149365524158233,8.53919768540869,107.09414014166339,0
4.096265701994383e-11,0.7612607831107026,3.3552144925314216,8.260367100452152,92.36116597505551,0
9.461816383085798e-13,0.4699117129480849,1.73609564008114,4.261531161791575,25.893245268289846,0
3.998964662231611e-13,0.5774451186424336,1.324330749514939,3.1352985571396186,15.98860985142324,0
5.174952461100981e-08,0.7575740226022136,6.688151423258021,8.039535623472963,71.7543430886553,0
6.8728860965577125e-09,0.6406295102851363,8.558076143856747,14.280122246475603,229.84731234517875,0
4.4735025881945e-12,0.5543310111833705,2.3969024135264356,5.903158600043218,45.27762658178488,0
1.1654110020739898e-07,0.30312377202816,13.280655631729783,19.621179050987962,408.61798785761147,1
1.0578111932164513e-07,0.7524702292538237,5.932157121634274,7.898720347042572,71.76135220654338,1
2.83888482017453e-10,0.565228198716739,5.662930931656489,10.597222684474907,142.5733113902894,0
5.784842321047599e-12,0.6196462367107464,2.8613844243623436,7.3140015769213065,67.70040368542891,0
3.2129619960627992e-12,0.5669050337573058,2.4396573477261168,7.122553363904628,72.49294331214368,0
8.462171084580748e-11,0.4784779700955504,6.093659459122315,15.40935427336247,272.3922566615655,1
9.321563873382328e-11,0.6669356194402498,3.947847742077523,6.693779187700931,50.83557133959711,1
4.086382968847972e-10,0.811965485763034,6.97930473828987,10.98270469320171,139.17371302570845,0
1.2973259502766346e-10,0.7814826312998738,3.9929368974876884,6.959524648380174,56.14503636837734,1
5.147452999101179e-11,0.8045969687107365,4.304396442768067,8.221259491940279,77.5735382063645,1
1.2291746637161222e-09,0.6460344745548824,5.985208801554077,11.886510459516646,165.26095339899362,1
3.217254673331186e-11,0.7204560762621005,3.8120216705016543,9.45576412634984,111.35454678061961,1
5.953050049237156e-11,0.7234332883921331,3.77569212003237,7.099498067492823,59.11904153924608,0
6.097303463200323e-10,0.4565007000126328,7.687984729711641,16.097972112159944,294.53142268643177,1
2.6391949053386344e-12,0.6972776552707328,2.3658566829094916,5.386355016900373,37.38227827235626,0
1.1145021372051782e-11,0.6636217721255961,2.8372178852178735,5.676147323035777,42.98457294625476,0
1.7555813753077953e-12,0.6672000264942932,2.2158808450199223,7.290733946424178,73.15177733325042,0
2.4536207869457735e-12,0.6949274833676511,2.008979808244446,4.734806954480579,31.259649208352048,0
7.485098934106141e-12,0.7542948218375551,2.8788494276446515,8.293118371719538,86.47944685135928,0
1.1027466675690397e-12,0.5982162622617716,1.7077216460831883,5.195307960061225,40.845093305910396,0
2.256395177481094e-11,0.696813045480693,2.9148900798397746,5.532974985647938,40.30720717087929,1
1.0824861734818807e-10,0.3875490538051236,4.800885523985105,13.887274662046947,242.76374866058464,1
1.7337531984533637e-10,0.4703413512236076,3.2475045090027668,8.613157057335627,110.431867575003,1
2.5702690785155586e-10,0.63239116852771,5.150379861385584,9.676516498700392,108.4067551408769,1
4.733039710964197e-11,0.5737120654493343,3.1831604126546065,6.834016938682099,61.98506352425921,1
2.548880794346998e-11,0.6072003386058049,4.044732316086272,9.668503054955497,114.10091617413347,1
4.54226044845598e-12,0.5464044561778117,2.559173039022962,5.920666356512381,43.025713482399986,0
2.942586866874704e-09,0.5761969812109787,7.91521279030042,13.318387316461143,209.07503346321027,0
1.3215507552486455e-05,0.8244691485435075,9.586970511977503,11.240535712156824,133.41993238808138,1
7.619446998501565e-11,0.7014792530719266,5.133437519555334,11.492758993430655,159.28624874017095,0
8.264530070241018e-10,0.8303751547852861,5.612175725837195,9.61158645836291,107.44203348886069,0
2.4095294534824257e-09,0.7310906262789107,5.0255088851578975,7.1132516689208485,61.988755149453546,1
3.82440046154031e-11,0.7592382511289951,2.6835666021717484,4.3545186640899765,23.054659978841624,1
4.189345420676665e-10,0.870509916746059,4.871622238862623,7.830758502879959,70.25895052866278,1
1.786344340123522e-10,0.4275360904142246,4.844920242262055,12.656191932089275,209.0018303269057,1
1.5144523188507297e-11,0.5516590956909454,3.010497177687382,6.485372002224183,55.55214455490911,0
4.862454587819833e-09,0.4704532661251255,7.969459803094869,16.165638091302153,295.2784398215449,0
5.18390135317108e-10,0.5590906974711498,6.489041231475427,13.757020939648447,212.4188928322079,0
1.4834665587860353e-09,0.7435386694832709,5.802539414093525,8.768610510105892,89.25330718774883,1
1.4161860252150667e-10,0.6044479114440191,4.065790433114523,9.821907418263942,122.8092038949179,1
3.2080408795353802e-12,0.6620992845004402,2.704791077390868,10.232055200565217,143.68121922311707,0
1.49272541554089e-11,0.4314104894951646,4.634106210233158,15.606099254457979,285.017021920255,1
1.3590792853017746e-11,0.6367429832726476,3.194550713571054,7.361531849897297,71.32938871703382,1
4.174940250362385e-12,0.7358085947042461,2.4706130259980545,7.1709955057843136,65.21891226736845,0
9.49823344719705e-11,0.5131688173971773,5.2146170399594105,11.55672928818207,166.7569558978212,1
1.899956809963802e-10,0.7844040606830602,4.049143388561557,6.879127160482348,58.33159210041299,1
2.963658933566572e-11,0.8158361420415762,4.908789328592577,12.202520281344915,173.0090926513147,0
1.1518403218458202e-12,0.45324682139428607,1.6084905041812518,4.266045550008126,30.899585057234102,0
2.877503383575283e-12,0.7206314457518581,1.9432533704015176,4.113654661889308,22.113156624535836,0
3.808053265765778e-09,0.8337515573818038,6.575605870029683,8.905095523316936,85.81646692976636,1
2.3487743110735047e-11,0.6410954550581565,3.884481449668394,9.827268861622098,117.945632699045,0
1.8401253186302516e-12,0.6170854212014629,2.032971506376832,4.391378522950781,25.89180536563512,0
3.257243028848312e-10,0.632403330843624,6.3726450781605894,12.891044916890754,192.46063410268593,0
1.342813244211129e-12,0.59502202224912,1.861896719867391,4.280283991760188,24.673396500674443,0
6.318633395380683e-11,0.6032942598263806,3.7291442827560064,6.961467749444199,59.61750971652987,1
3.992722542967759e-05,0.3290364844923408,14.729584668693496,19.247489310778622,395.6228825010012,1
8.086600560169016e-12,0.7384838290950753,3.14283795613604,9.356350487109808,109.59093944365281,0
8.198505219460054e-11,0.7683318135873182,4.435406674508175,8.468309688107178,86.24720205728728,0
1.908768733661237e-11,0.5838898424139095,2.9273718976249787,5.717439541822443,41.59930431080819,1
2.973375021969243e-09,0.5706105034501643,6.3801049794230735,12.408285409340486,190.60066710475166,0
3.988513244294345e-11,0.440228816823547,4.712880378556873,15.09330501030529,274.5662617112275,0
1.7731558877691584e-06,0.5872173998577436,7.796448456561172,11.409328419492951,150.2734832461753,1
1.3031970820185638e-12,0.48118888968733126,1.6560715542748194,5.213190355996737,44.397043449776845,0
1.9034280907710174e-10,0.665386753422419,4.610991366222699,9.217348579445686,105.24805432296955,0
5.957787246942123e-11,0.6352925754503632,3.819312528259153,9.822328621600068,118.18654570860653,1
2.8902299245138352e-05,0.7527771993406589,10.244031272311995,13.195216432535288,197.33556514469498,1
2.480478809820536e-12,0.7393379366850621,2.075386036135995,5.827196178421263,48.96888909756497,0
2.3455599476663085e-11,0.42937945774904485,3.4798316772746243,8.526495221008815,94.14414926739465,1
2.00658404309431e-11,0.7121245549609498,4.423658371009071,11.404313178734744,147.49755346820325,0
5.172613878604275e-12,0.33462427816057194,2.950126400662916,12.882781228433071,218.89176292680457,1
7.655933015967007e-08,0.6147473585012062,12.033558704127042,15.450858770703839,250.68084001849704,1
2.9206170999919074e-11,0.7582574891680782,3.71561489358276,8.37365525179609,82.26062660469783,0
4.896687670777645e-11,0.5779399534922218,3.982026072495936,8.440724079723,88.97519836243767,1
1.2986673419257055e-12,0.332054803534776,2.255842951504317,11.884797771280041,195.11813888289797,0
1.6472705281442324e-09,0.3024833649331085,7.376070059745735,17.91723893205924,360.09549325082685,1
1.2894691441442874e-11,0.6299436451015977,3.065539396738147,6.582173730268968,55.46231904509075,0
1.5461976959750458e-07,0.54966469172914,9.93984468874392,14.41988955562546,238.65441216479283,1
2.17687772892925e-09,0.546261137897501,10.110767187224194,15.544879112514217,265.61494874611185,1
4.920326726191921e-12,0.7072143572903595,2.0612270290200585,3.8759258281626847,20.24157280265326,0
2.715606266091545e-08,0.3909350852124209,13.542051730751357,18.450470202572816,363.4434321174158,0
3.6068040396745675e-09,0.7366231225188222,8.598252231769626,13.290802283900417,199.60138157449148,0
3.0054511015900475e-11,0.593386597431863,4.286202356743183,11.888943851735835,173.11781128088543,0
2.944952040248227e-11,0.71868507170663,3.3586588833763966,7.716108195736106,71.72915312273983,0
2.9400681534717875e-10,0.7126690670081474,4.862179686637708,9.218190728955383,101.15873417909653,1
2.8071474733853563e-12,0.6467980868759757,2.1322761221947966,5.007528562859908,32.97072476108789,0
1.6085043117533466e-12,0.6608806748270976,2.0450216946131055,7.775160109611539,95.97865183671189,0
4.77635726667038e-09,0.7360231712410378,6.553354081615358,9.136000586822277,96.09996674173034,0
6.175180024736508e-11,0.5143217160279592,4.775642075727423,10.887048955543277,140.1784685701333,0
1.2171894899117396e-09,0.5580232826928094,4.839353694120999,9.366685015762657,110.75930543703576,0
7.412961986779279e-10,0.5719448088393042,6.407053539273265,12.14844709018008,169.44192496905987,1
1.589038301877858e-10,0.7057626189314806,7.272043897514076,12.997174648373663,186.53939492937104,0
1.3464324508922806e-09,0.8241185147383704,7.028141616612306,10.296452131455887,118.83638924519686,0
1.0011546395424534e-10,0.6540695876193489,4.051273749109916,8.515057343166378,92.94560487862653,1
1.053696533361345e-07,0.6640998300373628,8.397120243271392,12.36932126622097,178.27096305324494,1
2.4807464824725142e-11,0.564090731014417,4.271319325704568,12.166517386578166,181.5820859680857,1
9.169226044963393e-13,0.7781130363260973,1.6166498492665704,3.574196065237765,17.915523621492067,0
2.8116714196562356e-11,0.5403889237250363,3.243305816786074,8.954720320571335,114.14121876300605,1
3.2725075312198514e-11,0.4819676483125707,3.4767758598188196,7.650853492310556,74.07161539488689,1
8.063365459390517e-08,0.4615005453091999,10.224624657261684,14.905927010333293,253.95062205831502,1
9.39694330385831e-09,0.9666552143236034,8.268514586782526,13.301219461056036,205.86410680339392,0
4.679823384697697e-10,0.4777477519694667,6.934981688769377,14.41977749092534,241.80982899512543,0
3.936176914498647e-08,0.7698421894073878,8.772917788434786,11.281374540885196,137.60955563907706,1
5.184323023180865e-08,0.5351788602625791,12.15140001845939,15.97213891055502,272.82983213282193,1
9.661656085686191e-11,0.8437879977823765,4.114755903719989,6.196554958215637,43.35067913325574,0
1.8692808292725487e-10,0.6116592809429567,4.075028694860974,7.049094150021847,59.977476260893745,1
4.696350322173587e-12,0.6286183120317238,2.5232803423824324,7.670859943728695,77.19458961717238,0
1.456497885812448e-12,0.5676975713112142,2.0794821615006502,5.884180545934471,49.246176050653624,0
3.831783589002852e-10,0.31719664025199446,7.823739091276287,18.399156763685447,373.1700879094685,1
4.603471244635219e-12,0.715185893886427,2.7125931645599897,7.2925954502590695,72.4623349989763,0
4.919406021546465e-10,0.5179044723244335,6.519077395641875,12.487666431980099,180.03924806454526,1
7.88562226357835e-09,0.628243378291546,9.594137907094742,12.871050543524612,179.04832958076128,0
1.6215460401682457e-10,0.6181061104341982,4.314243343081992,7.910161168793929,72.44531057406296,1
4.402507790748558e-09,0.6448619225989463,9.373794969596394,12.982303558882128,188.67254544654847,0
3.7167057648593617e-09,0.671475435397208,6.7877538042321905,10.983151760009518,143.79265842941544,1
4.212092808716872e-11,0.6773459643307226,3.73833565693518,7.368806647892152,64.20961351035209,1
4.5850755077600015e-11,0.5419229903027528,3.4702659314229263,7.763147586330752,83.32490694340129,0
7.929379427659655e-12,0.5448527818454447,3.9840774689943057,12.01942513463805,175.1746817469084,1
5.204494536349617e-10,0.7438393585251653,5.938711084640682,8.941815378967734,92.66199725353202,1
6.288611912457548e-12,0.41290428029293225,2.664385119208941,6.846530282977187,64.5794773126027,1
5.78481947162808e-10,0.6749524070102141,5.250520815561647,8.508582563019921,83.516292613367,1
5.1579606654485344e-11,0.35297450522800283,5.707967848323293,17.12181046902487,333.82865347321746,1
8.287814342609066e-09,0.4028320007205353,9.453865888850032,17.06451133558275,326.7999458822336,1
4.0593738248898016e-10,0.5051368273152566,4.4145752567411165,9.394560884199564,121.3367695544648,0
5.1937423582320885e-11,0.71455939942685,3.4994758026944566,6.605146449277485,54.581571941065675,1
2.2439901471104467e-10,0.4983386077773732,4.62439908079717,14.14951473668412,250.06702709639535,1
1.2650059105692742e-11,0.5054115260711198,4.005980008499828,12.562123007953524,196.43135889512533,0
2.7701932219617912e-12,0.473337307398345,2.47198230398716,9.39333045023035,128.0969930370369,0
1.4778616537231153e-10,0.32598695709101166,7.455470677745254,18.315554825250867,369.2539900712252,0
2.765995531692065e-10,0.6486188040025066,5.794031396925289,13.758956184851213,223.02406788019775,1
1.065732238647632e-11,0.5726520649619349,2.8994366136113805,7.9192876695983525,85.49389943220585,0
3.092059339477985e-09,0.8144793836562958,6.740648889445179,8.893176301831115,90.20932408900238,0
1.8766419071775325e-12,0.6825909708270967,2.0409561858837644,5.490020397782521,40.60437224308495,0
8.147962591509887e-12,0.38652603865156004,2.997927194359649,10.97879426752014,170.42412167589262,1
1.0500128660320621e-09,0.5820839745989681,9.220312639286929,15.049487508636815,251.0104949228842,0
3.734636794772996e-09,0.7173694630195606,5.455133690028407,9.776146518567625,115.84843869868547,1
1.209429458103594e-09,0.6438330264770586,8.538035614274735,13.748327642062987,204.73917098912767,1
6.1631451865223506e-12,0.7042024884333572,2.400765499936737,5.012656125067828,33.37972163646096,1
1.5270305641754466e-11,0.7073338718074099,2.4842545599471237,4.434497358583853,24.917107645881902,0
3.1066040465355017e-10,0.6875780646461103,6.181179564564236,12.144202968756924,166.01277708063864,1
9.739326488879404e-12,0.5550553953332094,4.443471918323207,13.648614803825657,206.43098835577376,0
7.830801375701879e-12,0.6396091361776771,2.895428579568418,7.262145445454838,68.44423127614871,0
1.3935860998370284e-11,0.7805820268888615,2.678128026979335,6.363705238256501,57.400225476694445,0
3.719952485489957e-12,0.5813360977293932,2.5131957098686906,8.095212363901753,88.512398524221,0
1.621497225588494e-10,0.8093764510100494,5.258241500136721,11.156842961845891,146.54888912255421,0
8.286208396065756e-10,0.6574926481093151,6.540352608011267,10.454172716646696,128.94481055890415,0
1.0264923005370071e-11,0.5710542155239682,3.1384061574663806,8.900978742827448,110.6695875709854,1
2.3901812269308663e-12,0.48978090651523154,2.2472572685699777,5.735641447455132,44.28634397635497,0
6.600904906432441e-10,0.6153627508378453,5.596782106700563,10.583373543214082,133.28806024096852,1
4.4316604149813155e-11,0.3740464163013639,4.081614382329574,13.470905970010014,234.27725494752846,1
6.571629402849128e-09,0.7358215025223867,7.793775430901541,13.492979702596733,215.14315516528487,0
7.523884454062554e-10,0.5995319601877845,6.12668314581637,12.187071103167044,178.17518556931273,1
1.9136069358593362e-10,0.6337084179803408,5.530933877682075,11.565908876153632,153.14352696672816,0
2.697865517959761e-12,0.49885049445214513,1.9547591931442894,4.730547855828627,34.93397894293034,0
1.5081797721378683e-12,0.6676960583208553,1.8500526710909548,5.040314794772217,37.33939151430468,0
3.9764978958451447e-11,0.6313901300330549,4.331628187679424,8.360774422278185,79.60242155102061,1
2.111529583505075e-10,0.5061420486583774,4.932664234810577,9.737350223755909,118.1895659744851,1
1.2901847127039528e-09,0.36805904270147616,7.494014432659541,16.864494473537412,326.5935645376721,1
1.5927011070260126e-12,0.6247347425180453,2.1744480452994637,5.725787692085284,45.32043296012989,0
6.838465504295067e-11,0.703184902156405,4.144858697318898,7.9296259432318505,72.81071766147112,0
6.3405114437890906e-12,0.4913113465419113,2.842162088667588,8.999859444433133,114.80214325429034,0
1.6310782285398048e-10,0.5317100232858658,3.773433220348802,7.598587250849323,77.97519823088669,1
9.89873490669535e-11,0.6265874850817166,5.148623544062238,11.887617544503767,164.89358168279253,1
1.5951798415243926e-11,0.6138812640174809,2.5373177413190815,5.265762780739448,37.75430000260487,1
1.1398696826216664e-09,0.6709292868431459,7.066566116035269,11.664770183880583,162.02366337339936,1
6.6510418471306416e-09,0.474743945968505,7.555426763805205,14.648477488426161,256.77365458199904,1
2.8296296962722243e-12,0.5388307547378611,2.3896826083057032,9.282253240379255,124.05411507150089,0
3.0813779569762345e-12,0.5896311221389167,2.2128002328582355,4.481828453220242,27.593575061531933,0
5.4435731015642896e-11,0.369828162365971,4.575316953358947,13.81314195209211,238.5775411995969,0
8.928716141708992e-11,0.6639506212251531,4.7585487443544086,10.426149189089625,130.9441105164934,1
6.936695412482609e-11,0.6339035322695235,4.539994719600116,9.366487023809908,103.54772004884681,1
2.518071809060538e-11,0.3578774924911999,4.825092012651458,15.197557760837585,277.07678027684256,1
1.6785588712501645e-10,0.20150288624883173,6.948608432233676,16.796845574766206,312.4206329032294,1
3.55590610056829e-11,0.6673935906295472,3.465620711054176,7.1446306126793715,65.29152245912663,1
1.8583073798287134e-11,0.6797988252554218,3.389080338926474,8.230273503079781,86.52087993478173,0
6.6723498939293755e-12,0.6300196808882085,2.996932696114486,7.222515326505996,67.19910637425055,0
6.210392136662153e-12,0.5642380648718608,2.2940551461109364,4.685508091841301,29.901240377727014,1
9.201689074923442e-12,0.6032387679813348,2.6071317714419657,5.4939151291803565,38.29531313356316,1
2.187118489376019e-12,0.6713184289827295,1.8839227515226298,4.226692154380069,26.83966227424854,0
5.6363563986060225e-11,0.6784638012111793,3.5525308982525674,6.685580151735133,52.12157850000426,1
1.0147507488478154e-09,0.5986411656153925,6.509529298121892,10.142120908711295,116.8021103070344,1
3.5687608863695324e-12,0.695936362879235,2.355921153845997,6.264351599895718,52.13408756472298,0
1.6816951003384245e-12,0.4602673888420033,2.239417451604905,6.565766955599957,64.20079825057638,1
4.986470693720734e-06,0.7344923453562497,9.834236360614362,11.369112549675258,136.64013999233327,0
2.0286970361389487e-09,0.42901210483083835,8.341204873164742,17.06093490300326,321.91265457558006,1
6.537591575339153e-11,0.6881026990749433,4.258172727465649,10.655943975407157,134.77187825365118,0
7.616632441358566e-10,0.4073359601712304,8.219966780539115,16.897957540761556,325.7425247233766,1
1.610459297951263e-09,0.7627459886588014,5.77765745001334,10.422452518697433,133.34360287587145,1
9.915117582869903e-13,0.619915336189174,1.7168200505589668,3.993309069413198,22.360190865116483,0
3.4817247856447274e-11,0.5601479924678406,4.767452486610281,10.113516150520763,114.83978860252812,1
5.38723822910329e-10,0.3940167724143437,6.576079075892134,14.44815356997985,246.0772073979114,1
1.8519504222699577e-11,0.6919476956155279,3.8383401315449075,8.598983246870976,87.09509572217868,1
3.312196031661969e-09,0.298518817379118,10.90940534931675,18.436185126949383,372.468644057727,0
4.0242710291887905e-12,0.6281134573578372,2.8451764521936163,10.280902017322958,129.2525775673977,0
4.2723089122217555e-10,0.7232687242720075,5.517551837588618,9.490715952489644,106.96248928992682,1
1.517576007565737e-08,0.5054168795155306,11.108060352574284,16.36511477153183,289.8382079841266,1
9.463187396758314e-11,0.5872685744794442,4.143907029715323,7.946924598879775,75.30789153581995,0
1.5400720664861926e-11,0.6921712951506362,3.148726184425953,6.868500754549733,58.92113466641027,0
3.004097005174939e-08,0.5334782484986508,10.746321080510729,15.814967955345022,264.1249507569289,0
5.0268964661093015e-11,0.6774941341605756,3.942351579187398,10.146520595844766,127.39786211786054,1
1.8513121247623064e-10,0.5520667662725204,5.857792902478062,13.384328358481158,216.77649333929452,1
5.407802523479972e-11,0.6582469640685752,3.6117985579613374,9.355381345012267,121.5523034144942,1
2.1192117839873364e-11,0.689518890740156,3.221602579928445,7.769573480731786,73.42604914059002,0
3.158484701758718e-10,0.5929651690078737,5.806505156259347,13.571604874335883,228.88220384340454,1
2.979055888331696e-11,0.5635700505873228,3.3757077228067045,8.330401394109325,94.98163584790936,0
2.978630381829644e-10,0.330311351558659,7.72468971257985,18.05604281738894,363.17583444654366,1
2.254367353400489e-09,0.7483565680012472,6.512250670769961,8.981171925835046,87.96752794950447,0
1.5870860252557567e-10,0.47445519696769944,5.463774569200879,13.61202409412052,227.136203976692,1
8.02039283355341e-10,0.4182721937983749,5.029917985320342,12.482990582615242,201.34272543483314,1
1.8779614707395366e-10,0.3959614992499449,6.293525351257336,14.814582423896107,262.1479234989852,1
1.090949451849875e-09,0.5025491092153237,7.8111462843385295,13.597785638409318,216.64377502808665,1
1.3247940057603474e-09,0.5914922076265064,8.107362756638546,14.56949315471492,231.79974162555578,1
8.369399341287067e-12,0.7283016642179427,2.4340034334909237,5.453885369278175,40.3321102097819,0
2.160760796489887e-10,0.2918141306613217,5.450141321250481,12.596576899858324,183.42970217752693,1
3.782544752938714e-11,0.5025934130787054,3.2498035926000908,8.7392573175031,109.26631852835888,1
3.2061440808417496e-09,0.4943032380851208,5.687195903987253,11.446266353011024,164.76108624509294,0
4.938897648933873e-12,0.7372479529519772,2.2978339862567885,6.386963809176065,59.90298132301355,0
5.19715067976365e-10,0.47630572365909124,4.830950212289569,12.34089777092917,196.18326749423662,1
1.242116437607774e-11,0.6875481511900156,2.8163707755333243,7.103465655855374,61.843320496591105,0
1.3028139085609034e-10,0.6563324756238503,3.8205018525680305,6.823286857382088,55.92186815681492,1
8.702985806257031e-09,0.5005087059207273,10.355198231065641,15.982244817524439,279.2549575206814,1
9.242491756076194e-11,0.6800211497339459,3.301119918532861,5.4965416577680815,37.951314288210305,0
2.348522470564889e-12,0.7770551892252316,2.0887994756162795,4.559069957337912,27.188794962055315,0
2.061176720919347e-11,0.6704266467808278,4.040955456973361,9.612034917226003,111.63680873861247,0
3.7696489101404264e-11,0.7350467598751386,3.6512986508907375,9.77497676586242,126.2041385087412,0
6.994592125554803e-10,0.8280597220689836,7.477917145885088,12.433032912514987,174.3805807974255,1
3.1577841165779024e-11,0.42298855485823456,5.031073372528056,14.965075920591627,265.99504285823343,0
2.6528865367108584e-12,0.6628830251146134,2.482803003391124,6.642920953124756,59.774572936095566,0
1.066533116733644e-12,0.40860647002592904,1.7873664477388234,5.607913840419039,50.78602621123111,0
2.315847012548441e-11,0.7487951991559023,2.9654913330430492,5.780000066834366,41.13611835798692,0
1.2999238258862105e-10,0.4087152242447666,4.639558223960071,9.10931820763814,95.26866368860165,1
1.2041965651440285e-11,0.504578111142534,2.4199411768852475,5.9948790368537805,54.76044382564492,1
3.3405178648600396e-11,0.533522698791267,4.225841414418428,8.121656915377615,78.44133218938224,0
1.5571510453757832e-11,0.7354916191871533,2.7786709291867235,5.504929445025017,38.59709540820002,1
1.1022053586534392e-07,0.5286104670840549,12.451154959811525,15.98629245166189,277.7037036207486,1
7.229723451793038e-11,0.7521841668556216,4.08610610031238,8.119649386298295,79.79296487008891,1
1.00645372058088e-11,0.44773355076475946,3.792165984544092,12.468252967969594,192.2570494481383,0
1.1445943709773893e-11,0.3081855354919009,4.279089012272853,15.124977761361551,276.89600416048876,1
1.7593501584280558e-10,0.5901189613480134,5.469438210921763,14.88379940743632,265.1675371546633,0
8.998158868630584e-12,0.6879527565427547,2.5764301608848315,5.434481335001696,39.40343827350153,0
2.761333767125092e-13,0.5069665509566748,1.2619242640349482,3.9632141858335705,29.049887253946345,0
5.838588433487372e-12,0.7622108498963025,2.781593872867353,6.812742998420409,58.18266312042287,0
3.8578399068624537e-07,0.7494703187440778,8.162762781952004,10.059064858681019,112.71179900580688,1
5.002411993878185e-11,0.6904128436539054,3.9617609009565484,7.53419621074307,70.79255141854905,0
2.5685553894747746e-10,0.5257975218315311,6.727453663619306,14.034950186660307,230.47396137776525,1
4.3143852212749516e-11,0.6481378330815621,4.097446200956305,8.368598255645773,88.95612894135816,1
3.894841764713092e-11,0.6803692695634831,3.877437746796208,7.295336810194769,70.58724482440697,1
7.125716405861218e-11,0.6698830009874156,3.3987278826200886,6.750792607129804,56.305927180091935,0
2.6586869937039627e-08,0.3455973191855204,10.449153415349052,18.29490341458769,368.38441274278654,1
3.736475839142077e-11,0.8316184722779227,3.556935473296079,8.333545935823073,90.6399576144591,0
8.151151545486416e-12,0.6827522168834369,2.3814103026115787,5.273852542152256,37.775550607708624,0
1.126755390075596e-11,0.5908535970118685,3.13439406658376,9.009628035671131,106.45745543982586,1
1.6174753989301656e-10,0.6970040026972308,4.493808294338561,9.911368346352809,111.93153877430701,1
6.01026490533046e-12,0.7181621473038771,2.5168538072167546,6.493669568814107,55.283566097494095,0
3.5063190571745016e-11,0.7325220872165074,3.15344239908285,5.478239811537959,37.40959366326509,0
7.851946068588964e-11,0.47680297087716134,4.803230713164021,12.547203478701242,195.42962132652428,0
3.5014117680519335e-07,0.7728522688827546,8.819697433671935,12.784024742097149,189.0958905967547,1
3.434399905721932e-12,0.7438262440388569,3.0729123211246945,10.575829950162289,140.60000594292995,0
2.4824222935788793e-11,0.42065678172915594,3.9594527481981148,12.592385275750294,206.29724865459224,0
4.3586168291137215e-12,0.5681658923243236,2.246377425271103,5.3565612330585655,43.251892713091785,1
2.4285816181131053e-10,0.5802747063972099,3.4451511358093065,6.802692030509729,59.56361421300323,1
4.3772829005938896e-12,0.6528167270858342,2.2518015268041816,4.684224171837387,29.453128918043628,0
3.0626642281801285e-09,0.6355745433988709,5.8258897094935405,11.076283128047473,158.5857434434059,1
1.4734131998706766e-12,0.48487478966417774,1.9508609393161498,5.453339694902433,42.74000256446544,0
6.883083936912912e-11,0.6055914704364466,4.3224785621868005,10.123317963158993,125.59518269852227,1
2.990150950282409e-11,0.6834573927465539,2.925548827684375,5.478254405544353,41.66730966163169,0
1.1691444245163124e-10,0.7113478897516918,6.381385456007179,13.481422431966758,198.11084063341062,1
1.1163710408009257e-11,0.6884268141945046,2.869256182126643,7.419936617552169,77.74478400383376,0
2.2479985822890417e-12,0.5391246575033288,2.4345726654196667,7.343164315948311,73.02900740426169,0
4.422161809005988e-09,0.44512555049332925,9.785768618327564,16.96477951833014,319.1491162733136,1
5.678797109746775e-11,0.5702547848122692,3.2481992417345453,6.281178536154996,53.257182508086686,0
1.9431546649155545e-12,0.6123771148282106,1.9765222873011759,6.268099589737067,57.46893916161163,0
1.7208806708029786e-10,0.63001112445084,5.309894691726967,11.47956892490857,157.9669570224245,1
4.8543518766418805e-12,0.7171182362938172,2.74188192533531,7.655987511395151,82.38594870757309,0
3.206243566965069e-11,0.5000148189862997,3.19509474415145,7.264058805509853,71.8915620181739,1
7.521539293496534e-10,0.6607830275709875,5.288356309798857,9.509619083283505,106.52425353395583,1
1.0075592370904275e-11,0.6720689856505501,2.678487083499025,6.600960534224629,62.72793996046576,0
6.098784151170725e-11,0.4726159803645802,4.053811328024572,9.593707434994343,115.4651575925482,1
